EmployeeID,EmployeeName,Department,City,Salary,JoiningDate,PerformanceRating
1,Vishal Singh,Sales,Jaipur,112294,2020-11-16,4
2,Priya Verma,Sales,Indore,33227,2020-08-18,5
3,Priya Jain,IT,Ahmedabad,104404,2026-01-03,2
4,Vishal Jain,Sales,Ahmedabad,64248,2021-03-09,3
5,Anjali Jain,Finance,Surat,27802,2024-02-25,3
6,Pooja Singh,IT,Vadodara,61420,2023-05-28,3
7,Arjun Joshi,Operations,Ahmedabad,53813,2025-02-12,4
8,Arjun Singh,Operations,Jaipur,80025,2020-07-17,3
9,Neha Gupta,Operations,Indore,25968,2020-04-23,4
10,Rahul Verma,Sales,Vadodara,113983,2021-07-01,4
11,Arjun Patel,IT,Surat,30709,2024-11-11,3
12,Anjali Joshi,IT,Surat,49867,2024-10-07,4
13,Arjun Verma,Sales,Surat,66668,2022-04-22,5
14,Pooja Singh,IT,Vadodara,81838,2025-09-25,1
15,Pooja Singh,Operations,Jaipur,112898,2022-08-17,5
16,Amit Gupta,Operations,Indore,39055,2020-10-25,2
17,Deepak Gupta,Finance,Vadodara,44698,2025-08-08,4
18,Karan Singh,Marketing,Indore,65887,2024-06-12,5
19,Karan Verma,Operations,Rajkot,110220,2021-01-20,2
20,Karan Jain,Marketing,Jaipur,99625,2020-02-22,4
21,Rohan Singh,Sales,Rajkot,68761,2021-10-05,3
22,Anjali Jain,Operations,Surat,43549,2025-01-13,4
23,Karan Gupta,Operations,Jaipur,90238,2022-05-06,3
24,Nisha Sharma,Finance,Ahmedabad,30883,2024-04-17,2
25,Karan Joshi,Operations,Surat,76385,2022-04-12,5
26,Arjun Sharma,Marketing,Indore,94020,2022-03-12,4
27,Pooja Verma,Sales,Surat,45618,2023-06-09,5
28,Arjun Joshi,Marketing,Rajkot,31880,2020-04-29,1
29,Amit Patel,IT,Vadodara,30723,2020-06-04,4
30,Karan Gupta,Sales,Ahmedabad,63353,2021-03-30,2
31,Rahul Verma,Finance,Ahmedabad,42448,2020-09-07,2
32,Deepak Jain,Sales,Ahmedabad,113270,2022-06-20,5
33,Neha Sharma,Sales,Jaipur,44433,2023-07-21,4
34,Neha Verma,IT,Vadodara,113454,2020-12-28,1
35,Priya Verma,IT,Indore,68423,2021-05-12,3
36,Neha Patel,Sales,Vadodara,73086,2023-06-04,5
37,Pooja Verma,Sales,Rajkot,45729,2025-01-02,3
38,Neha Joshi,IT,Surat,81724,2025-11-23,2
39,Pooja Mehta,IT,Indore,107757,2023-11-07,4
40,Priya Verma,IT,Vadodara,94145,2020-11-25,4
41,Amit Joshi,HR,Vadodara,69316,2023-08-08,1
42,Rohan Sharma,Sales,Indore,105780,2020-03-17,5
43,Deepak Jain,Operations,Vadodara,44848,2024-02-07,2
44,Anjali Gupta,Marketing,Indore,88103,2021-07-01,3
45,Arjun Jain,Operations,Indore,44016,2024-02-17,2
46,Vishal Joshi,IT,Ahmedabad,70624,2021-06-03,3
47,Nisha Joshi,IT,Vadodara,67160,2025-02-21,5
48,Arjun Joshi,Operations,Rajkot,31426,2025-11-29,1
49,Neha Mehta,IT,Ahmedabad,83899,2024-10-12,4
50,Priya Joshi,HR,Indore,53485,2025-02-13,2
51,Amit Singh,Marketing,Jaipur,67011,2022-08-06,3
52,Karan Verma,HR,Vadodara,111527,2024-09-16,4
53,Vishal Gupta,HR,Indore,114107,2022-06-13,3
54,Vishal Mehta,HR,Surat,25730,2025-02-17,4
55,Deepak Jain,HR,Vadodara,105815,2021-10-14,1
56,Priya Gupta,Sales,Jaipur,109561,2025-08-12,1
57,Rahul Mehta,Sales,Rajkot,44320,2021-07-09,5
58,Rohan Jain,Operations,Ahmedabad,93500,2023-07-09,4
59,Priya Singh,Operations,Rajkot,77788,2021-04-23,4
60,Rahul Mehta,IT,Indore,34769,2021-03-21,3
61,Rohan Gupta,HR,Vadodara,92050,2024-10-09,1
62,Deepak Mehta,Sales,Surat,108888,2021-05-15,1
63,Vishal Gupta,Finance,Rajkot,99936,2021-06-12,4
64,Rahul Joshi,Finance,Indore,58297,2022-05-07,5
65,Karan Singh,HR,Surat,40991,2023-10-31,1
66,Deepak Verma,Finance,Ahmedabad,30428,2025-11-15,5
67,Neha Gupta,HR,Vadodara,66215,2020-10-09,4
68,Deepak Verma,IT,Indore,59510,2025-01-16,2
69,Priya Patel,Sales,Indore,116624,2024-12-17,2
70,Rohan Mehta,Operations,Rajkot,85087,2025-12-16,4
71,Priya Singh,Marketing,Vadodara,90472,2023-06-24,1
72,Vishal Joshi,HR,Ahmedabad,113061,2020-09-17,3
73,Anjali Gupta,Marketing,Rajkot,30608,2025-11-05,3
74,Rahul Mehta,HR,Rajkot,72841,2023-12-09,1
75,Anjali Joshi,Marketing,Jaipur,67569,2021-01-27,3
76,Vishal Singh,Finance,Rajkot,111864,2021-03-02,1
77,Amit Jain,Operations,Ahmedabad,85876,2021-10-01,1
78,Karan Mehta,Sales,Vadodara,115921,2022-05-22,5
79,Vishal Gupta,Finance,Indore,52133,2020-05-02,3
80,Arjun Sharma,IT,Ahmedabad,81005,2024-11-07,3
81,Arjun Sharma,Sales,Jaipur,75606,2022-05-29,5
82,Amit Gupta,Marketing,Jaipur,30241,2023-06-19,2
83,Amit Gupta,IT,Rajkot,95886,2020-09-22,3
84,Rahul Jain,Sales,Indore,59380,2022-11-25,1
85,Anjali Jain,IT,Ahmedabad,105173,2025-12-14,4
86,Deepak Singh,HR,Jaipur,90385,2024-04-11,5
87,Neha Verma,Marketing,Surat,76195,2024-09-08,2
88,Anjali Gupta,Sales,Jaipur,37386,2023-06-14,2
89,Arjun Sharma,Marketing,Vadodara,83876,2020-04-18,2
90,Karan Gupta,Operations,Vadodara,60801,2023-07-03,5
91,Arjun Gupta,Sales,Surat,105868,2020-08-21,5
92,Anjali Verma,Operations,Indore,99800,2025-09-27,5
93,Deepak Sharma,Sales,Vadodara,108860,2022-05-08,2
94,Amit Verma,Marketing,Ahmedabad,28972,2020-12-30,5
95,Deepak Gupta,Operations,Rajkot,57553,2020-02-17,2
96,Anjali Mehta,Sales,Indore,76367,2024-09-29,2
97,Rohan Sharma,Sales,Vadodara,110105,2021-02-15,4
98,Anjali Gupta,Sales,Indore,55122,2024-01-20,3
99,Vishal Verma,Marketing,Ahmedabad,52655,2022-11-09,3
100,Rahul Verma,Sales,Surat,33459,2023-09-05,1
101,Rohan Verma,Operations,Jaipur,110266,2024-03-14,2
102,Rohan Joshi,HR,Surat,58776,2023-02-09,4
103,Anjali Sharma,Operations,Indore,80244,2021-09-12,2
104,Priya Patel,Marketing,Jaipur,76707,2020-03-20,2
105,Vishal Jain,Finance,Ahmedabad,104098,2021-03-12,5
106,Amit Verma,IT,Surat,119570,2024-10-20,1
107,Amit Jain,HR,Rajkot,69801,2021-05-13,1
108,Deepak Jain,Operations,Jaipur,119047,2023-09-01,2
109,Anjali Singh,Finance,Vadodara,73400,2022-10-26,3
110,Deepak Patel,Marketing,Indore,37831,2025-03-31,5
111,Priya Jain,IT,Ahmedabad,99684,2020-08-28,2
112,Karan Sharma,Marketing,Vadodara,52950,2021-08-30,1
113,Amit Verma,IT,Vadodara,39831,2024-01-05,1
114,Rahul Gupta,Marketing,Indore,90727,2021-05-26,5
115,Vishal Sharma,HR,Jaipur,48044,2021-09-20,5
116,Rahul Joshi,Marketing,Indore,118606,2020-09-17,2
117,Pooja Singh,Finance,Surat,111678,2020-02-20,2
118,Pooja Joshi,HR,Rajkot,102121,2020-11-27,2
119,Nisha Jain,Finance,Surat,93487,2021-06-13,5
120,Rahul Gupta,Marketing,Indore,109563,2021-08-30,2
121,Karan Mehta,IT,Ahmedabad,97845,2025-04-14,5
122,Deepak Jain,Marketing,Surat,30513,2020-02-27,1
123,Anjali Joshi,HR,Jaipur,25608,2025-04-02,4
124,Pooja Joshi,IT,Rajkot,86250,2022-03-05,4
125,Vishal Verma,Marketing,Indore,41003,2023-04-29,1
126,Anjali Patel,Marketing,Indore,41507,2022-03-11,3
127,Anjali Gupta,Finance,Ahmedabad,31153,2023-04-13,5
128,Deepak Verma,IT,Indore,42693,2021-06-09,3
129,Deepak Singh,Operations,Jaipur,86705,2020-05-15,5
130,Rahul Gupta,HR,Indore,68307,2024-09-26,5
131,Priya Patel,Sales,Rajkot,80405,2021-02-23,3
132,Nisha Joshi,HR,Indore,96585,2023-04-10,2
133,Anjali Singh,HR,Ahmedabad,80206,2022-02-07,3
134,Vishal Mehta,HR,Ahmedabad,113260,2025-03-22,5
135,Vishal Patel,IT,Surat,56719,2024-01-14,4
136,Anjali Singh,Sales,Indore,53393,2025-10-06,1
137,Priya Jain,HR,Vadodara,52162,2023-02-26,1
138,Rahul Patel,Finance,Jaipur,115134,2024-01-11,4
139,Karan Jain,Operations,Ahmedabad,106125,2024-02-24,3
140,Anjali Jain,HR,Surat,80451,2020-11-17,1
141,Amit Singh,Finance,Surat,40197,2020-04-30,3
142,Rahul Gupta,HR,Rajkot,119949,2021-10-31,1
143,Amit Verma,Finance,Vadodara,50444,2021-05-31,4
144,Nisha Mehta,Operations,Indore,86591,2021-08-05,3
145,Neha Verma,Finance,Rajkot,61309,2023-10-17,4
146,Rahul Joshi,Finance,Surat,43117,2020-02-25,1
147,Nisha Gupta,Sales,Ahmedabad,85088,2025-12-22,4
148,Arjun Gupta,Sales,Rajkot,40159,2024-07-12,2
149,Karan Patel,Finance,Rajkot,33662,2023-02-01,4
150,Vishal Gupta,Finance,Jaipur,55848,2024-04-30,1
151,Arjun Jain,IT,Vadodara,85381,2025-05-23,5
152,Anjali Mehta,Marketing,Jaipur,64510,2024-04-07,1
153,Rahul Mehta,Finance,Indore,45782,2022-09-04,4
154,Anjali Singh,HR,Vadodara,117055,2020-01-03,4
155,Vishal Mehta,Sales,Indore,108833,2024-08-21,3
156,Deepak Patel,IT,Ahmedabad,31233,2025-10-07,4
157,Anjali Sharma,Operations,Indore,98295,2023-09-10,3
158,Rahul Joshi,HR,Jaipur,50817,2021-11-08,2
159,Arjun Mehta,Sales,Jaipur,84951,2021-07-12,1
160,Pooja Verma,Operations,Indore,40125,2020-10-21,5
161,Arjun Sharma,IT,Indore,64840,2022-02-27,3
162,Rahul Mehta,HR,Jaipur,105847,2024-11-19,5
163,Vishal Mehta,Finance,Indore,108411,2022-09-16,1
164,Karan Joshi,Sales,Rajkot,99781,2021-03-17,5
165,Rahul Singh,IT,Rajkot,48577,2020-05-02,5
166,Karan Mehta,Finance,Vadodara,108035,2020-09-24,4
167,Rohan Joshi,Operations,Surat,50502,2022-03-23,3
168,Rahul Sharma,Operations,Indore,115481,2025-04-01,3
169,Priya Patel,IT,Ahmedabad,119074,2022-10-02,4
170,Priya Jain,Sales,Jaipur,77493,2023-12-26,1
171,Deepak Sharma,Marketing,Surat,89960,2025-08-12,4
172,Amit Gupta,Operations,Rajkot,98435,2023-07-24,2
173,Anjali Jain,Marketing,Surat,70736,2023-11-29,2
174,Neha Patel,HR,Indore,75993,2024-02-19,1
175,Karan Singh,IT,Vadodara,84928,2021-05-29,3
176,Vishal Gupta,Marketing,Ahmedabad,114929,2023-09-21,4
177,Deepak Patel,HR,Rajkot,100676,2023-07-20,1
178,Nisha Singh,IT,Jaipur,25302,2023-04-02,4
179,Vishal Sharma,Operations,Rajkot,71494,2021-01-26,1
180,Priya Verma,IT,Rajkot,104998,2022-12-09,2
181,Priya Patel,Operations,Jaipur,92687,2020-02-05,1
182,Amit Jain,HR,Ahmedabad,82484,2021-01-17,4
183,Amit Verma,HR,Ahmedabad,72489,2022-12-07,1
184,Amit Gupta,Marketing,Rajkot,52298,2024-09-08,5
185,Rohan Patel,Operations,Indore,44513,2023-05-20,5
186,Karan Mehta,IT,Indore,31395,2020-07-13,4
187,Nisha Singh,Sales,Rajkot,81598,2025-01-01,1
188,Rahul Singh,Finance,Surat,35079,2020-01-22,3
189,Pooja Singh,Finance,Indore,85871,2021-08-29,1
190,Rahul Mehta,IT,Rajkot,47140,2022-12-25,5
191,Nisha Patel,Marketing,Surat,103708,2024-06-20,2
192,Pooja Verma,Operations,Rajkot,99756,2023-09-16,5
193,Anjali Singh,Operations,Vadodara,51628,2021-04-24,4
194,Anjali Verma,HR,Rajkot,60986,2026-01-05,3
195,Rohan Singh,IT,Surat,72302,2024-10-02,5
196,Nisha Mehta,HR,Indore,39152,2025-12-05,3
197,Priya Verma,Marketing,Ahmedabad,91130,2024-04-21,3
198,Nisha Joshi,Operations,Indore,70125,2023-11-14,2
199,Amit Gupta,Finance,Ahmedabad,44052,2023-12-19,3
200,Rohan Verma,Marketing,Ahmedabad,62016,2024-11-03,4
201,Karan Verma,HR,Ahmedabad,60953,2021-01-03,4
202,Anjali Verma,Sales,Indore,73423,2021-12-10,4
203,Arjun Patel,Sales,Jaipur,60091,2020-08-16,1
204,Arjun Mehta,Sales,Jaipur,28829,2025-06-11,4
205,Vishal Jain,IT,Surat,81401,2020-08-11,3
206,Rahul Mehta,Sales,Indore,30802,2023-02-05,3
207,Vishal Verma,Finance,Ahmedabad,65750,2023-02-19,5
208,Neha Joshi,IT,Vadodara,31482,2022-11-26,4
209,Pooja Jain,HR,Surat,62010,2025-12-31,2
210,Vishal Singh,Finance,Indore,44129,2023-06-07,3
211,Anjali Verma,IT,Surat,26366,2025-03-04,3
212,Priya Mehta,IT,Surat,48613,2024-10-04,2
213,Rohan Verma,HR,Indore,108781,2021-08-12,3
214,Karan Jain,IT,Surat,70532,2025-12-12,3
215,Pooja Verma,Sales,Vadodara,88898,2025-08-15,4
216,Neha Singh,HR,Ahmedabad,66350,2024-11-06,1
217,Pooja Verma,IT,Rajkot,88408,2024-02-14,2
218,Karan Singh,Marketing,Indore,28800,2023-10-06,4
219,Neha Singh,IT,Surat,103225,2024-12-10,3
220,Amit Singh,Marketing,Indore,33441,2023-01-13,4
221,Rahul Mehta,Finance,Vadodara,37175,2020-05-09,2
222,Priya Verma,IT,Indore,99319,2024-02-01,4
223,Arjun Mehta,Finance,Indore,81740,2022-08-10,2
224,Pooja Sharma,Marketing,Surat,86726,2021-03-12,4
225,Deepak Patel,Operations,Indore,114539,2021-06-30,2
226,Amit Verma,Operations,Surat,107675,2025-01-13,4
227,Neha Verma,Sales,Jaipur,84731,2021-01-05,2
228,Amit Jain,Sales,Vadodara,85668,2025-12-10,2
229,Karan Verma,Operations,Jaipur,98888,2021-09-16,1
230,Pooja Gupta,IT,Rajkot,57440,2025-10-27,4
231,Anjali Verma,Marketing,Jaipur,104715,2020-09-28,1
232,Deepak Patel,Operations,Rajkot,56116,2025-07-04,3
233,Arjun Singh,IT,Ahmedabad,25849,2022-01-11,4
234,Amit Singh,Marketing,Ahmedabad,97586,2022-03-02,3
235,Rahul Singh,HR,Surat,54830,2022-10-19,1
236,Karan Gupta,IT,Jaipur,84440,2024-02-24,1
237,Arjun Joshi,Sales,Rajkot,49442,2025-02-16,1
238,Priya Gupta,HR,Vadodara,62563,2025-08-03,1
239,Anjali Sharma,Finance,Indore,79176,2022-06-25,4
240,Anjali Jain,Sales,Surat,104707,2023-05-18,1
241,Arjun Jain,HR,Jaipur,96214,2023-11-01,5
242,Karan Singh,HR,Ahmedabad,86376,2020-02-16,5
243,Karan Gupta,Finance,Surat,69528,2020-08-02,4
244,Rohan Jain,IT,Surat,94510,2023-01-19,5
245,Priya Singh,Marketing,Rajkot,73431,2023-07-20,2
246,Nisha Singh,Finance,Rajkot,99384,2020-10-16,1
247,Deepak Mehta,Operations,Vadodara,27683,2025-03-19,1
248,Arjun Verma,Marketing,Vadodara,109791,2022-10-04,1
249,Arjun Sharma,Finance,Rajkot,37682,2022-02-21,3
250,Rahul Sharma,Operations,Jaipur,70405,2023-11-09,5
251,Nisha Patel,IT,Jaipur,65260,2021-11-13,3
252,Anjali Gupta,Finance,Indore,30078,2022-04-11,3
253,Pooja Joshi,Operations,Vadodara,65596,2022-04-18,5
254,Neha Patel,Operations,Surat,116926,2020-05-01,2
255,Amit Patel,Operations,Ahmedabad,69762,2021-07-16,1
256,Anjali Verma,Sales,Ahmedabad,46746,2025-02-01,1
257,Rahul Singh,Sales,Surat,73148,2024-03-04,1
258,Anjali Singh,Sales,Rajkot,75188,2020-08-11,3
259,Pooja Mehta,Operations,Indore,50136,2021-03-02,2
260,Pooja Mehta,Finance,Jaipur,85003,2021-07-07,5
261,Rahul Patel,Finance,Rajkot,117907,2022-05-03,3
262,Vishal Jain,Marketing,Jaipur,102804,2022-05-10,3
263,Rohan Jain,HR,Vadodara,77602,2021-07-24,4
264,Karan Mehta,IT,Surat,38692,2022-11-26,3
265,Arjun Mehta,HR,Jaipur,26064,2023-01-20,2
266,Karan Mehta,HR,Vadodara,60437,2025-06-14,1
267,Neha Patel,Marketing,Surat,53382,2023-04-16,1
268,Neha Singh,Marketing,Rajkot,64703,2025-11-25,2
269,Pooja Singh,Operations,Rajkot,118856,2025-04-30,4
270,Priya Mehta,IT,Ahmedabad,54607,2022-05-20,2
271,Arjun Gupta,Finance,Jaipur,41527,2022-05-13,1
272,Arjun Sharma,Finance,Vadodara,104636,2023-03-19,2
273,Pooja Patel,Sales,Vadodara,100784,2023-03-21,3
274,Neha Singh,IT,Vadodara,48300,2026-01-02,3
275,Nisha Joshi,Marketing,Ahmedabad,89209,2025-05-05,1
276,Nisha Sharma,HR,Indore,95598,2021-07-08,3
277,Rohan Jain,Sales,Vadodara,64330,2021-12-28,3
278,Amit Verma,IT,Rajkot,88098,2020-10-25,5
279,Arjun Joshi,HR,Jaipur,44508,2024-01-24,1
280,Arjun Jain,IT,Rajkot,68069,2023-02-01,4
281,Neha Jain,IT,Surat,87054,2020-10-27,3
282,Vishal Sharma,Operations,Surat,110359,2024-01-27,4
283,Rahul Mehta,Marketing,Indore,110123,2021-03-10,4
284,Nisha Patel,Operations,Jaipur,47643,2024-04-20,5
285,Karan Patel,Finance,Ahmedabad,35674,2023-09-02,5
286,Arjun Sharma,Marketing,Surat,116995,2022-07-10,1
287,Nisha Sharma,Finance,Indore,109357,2020-02-09,1
288,Pooja Joshi,Marketing,Vadodara,112712,2021-02-12,1
289,Anjali Patel,Operations,Ahmedabad,89051,2021-10-12,2
290,Amit Jain,Marketing,Indore,112110,2025-12-25,4
291,Pooja Gupta,Marketing,Jaipur,101488,2025-07-03,2
292,Anjali Singh,HR,Jaipur,78814,2024-07-31,3
293,Rohan Joshi,Operations,Rajkot,26542,2022-06-13,3
294,Rohan Jain,Sales,Indore,32725,2020-01-30,2
295,Nisha Joshi,IT,Ahmedabad,49135,2024-04-07,1
296,Karan Verma,Operations,Ahmedabad,26201,2023-02-25,2
297,Deepak Singh,IT,Ahmedabad,48557,2020-10-09,4
298,Arjun Jain,IT,Vadodara,94912,2020-09-18,1
299,Pooja Mehta,IT,Vadodara,72573,2024-05-24,1
300,Karan Singh,HR,Rajkot,38798,2021-02-27,1
301,Neha Sharma,HR,Rajkot,44996,2022-11-02,4
302,Vishal Jain,Sales,Vadodara,113196,2020-02-04,4
303,Neha Verma,HR,Indore,81260,2025-04-27,1
304,Rohan Patel,Marketing,Jaipur,39538,2025-04-05,4
305,Vishal Jain,Marketing,Ahmedabad,85557,2022-02-22,4
306,Pooja Jain,Sales,Ahmedabad,50032,2024-11-04,1
307,Rohan Joshi,Sales,Indore,77967,2025-12-27,5
308,Rohan Mehta,Operations,Vadodara,70606,2025-09-16,1
309,Amit Mehta,Finance,Ahmedabad,84659,2021-10-24,1
310,Vishal Patel,HR,Ahmedabad,59187,2025-09-07,3
311,Rohan Mehta,IT,Rajkot,54610,2025-06-04,3
312,Vishal Joshi,IT,Ahmedabad,43505,2021-06-14,5
313,Neha Joshi,Finance,Surat,111040,2023-06-28,5
314,Anjali Gupta,Finance,Vadodara,32694,2021-11-24,5
315,Neha Patel,Operations,Rajkot,35586,2022-01-02,3
316,Karan Verma,Sales,Vadodara,25992,2024-02-05,4
317,Neha Singh,Finance,Ahmedabad,64227,2021-05-27,2
318,Nisha Patel,IT,Rajkot,71297,2021-05-05,4
319,Vishal Singh,Sales,Vadodara,62901,2021-10-11,4
320,Amit Gupta,Marketing,Vadodara,78695,2025-08-31,5
321,Amit Patel,HR,Surat,101024,2021-07-03,2
322,Rohan Verma,HR,Rajkot,98696,2020-05-09,3
323,Deepak Mehta,HR,Surat,66432,2025-10-21,3
324,Nisha Joshi,IT,Vadodara,105882,2020-09-26,2
325,Deepak Mehta,HR,Rajkot,101906,2024-07-19,5
326,Vishal Jain,Marketing,Vadodara,75182,2022-08-23,4
327,Arjun Gupta,Operations,Rajkot,60940,2023-09-27,4
328,Deepak Gupta,Finance,Ahmedabad,97572,2023-10-09,4
329,Priya Joshi,Operations,Ahmedabad,114433,2021-10-07,3
330,Amit Singh,Sales,Ahmedabad,77607,2022-01-28,2
331,Amit Sharma,IT,Surat,97900,2023-07-21,2
332,Nisha Verma,Finance,Jaipur,49050,2023-01-16,5
333,Rohan Joshi,IT,Jaipur,41410,2023-12-19,5
334,Amit Gupta,Operations,Surat,56152,2022-03-26,2
335,Anjali Gupta,IT,Surat,28584,2023-11-23,5
336,Arjun Mehta,HR,Ahmedabad,98948,2024-09-11,3
337,Amit Mehta,Operations,Ahmedabad,31983,2024-02-22,5
338,Arjun Singh,IT,Indore,77841,2024-08-21,5
339,Amit Singh,Operations,Jaipur,106627,2023-06-04,5
340,Priya Sharma,Operations,Indore,51743,2022-07-29,5
341,Deepak Joshi,Marketing,Rajkot,40249,2021-02-12,2
342,Pooja Joshi,Finance,Ahmedabad,64615,2022-06-24,3
343,Pooja Mehta,Finance,Ahmedabad,30120,2023-12-16,1
344,Priya Singh,Sales,Vadodara,55868,2023-06-30,2
345,Nisha Patel,Finance,Rajkot,96977,2022-08-25,5
346,Rahul Patel,Sales,Ahmedabad,103170,2020-12-27,1
347,Neha Joshi,Operations,Rajkot,86072,2020-12-21,2
348,Priya Mehta,Sales,Jaipur,119303,2020-06-30,5
349,Deepak Patel,Operations,Surat,60902,2024-03-15,2
350,Anjali Patel,Marketing,Ahmedabad,104346,2022-07-01,1
351,Rahul Verma,Sales,Indore,96265,2022-05-11,3
352,Amit Patel,Finance,Indore,29865,2021-08-23,3
353,Deepak Sharma,Sales,Indore,33058,2024-03-24,4
354,Priya Sharma,HR,Jaipur,84656,2024-06-29,3
355,Priya Mehta,IT,Indore,98040,2023-08-08,1
356,Vishal Verma,Operations,Jaipur,101722,2021-04-01,2
357,Nisha Jain,HR,Indore,27323,2023-02-25,3
358,Amit Verma,Finance,Indore,26306,2024-07-31,3
359,Amit Gupta,Finance,Indore,41080,2023-02-03,4
360,Amit Gupta,Finance,Ahmedabad,90136,2026-01-01,2
361,Priya Gupta,IT,Jaipur,45738,2025-01-15,1
362,Arjun Singh,IT,Rajkot,68396,2021-10-25,2
363,Nisha Singh,Marketing,Jaipur,57601,2021-01-04,2
364,Rohan Singh,Operations,Indore,40150,2022-10-26,1
365,Priya Sharma,Finance,Vadodara,105447,2023-10-26,3
366,Nisha Patel,Sales,Indore,113153,2023-09-22,1
367,Deepak Jain,IT,Jaipur,111285,2025-06-12,1
368,Arjun Verma,IT,Indore,55083,2025-06-18,4
369,Arjun Verma,Operations,Indore,72033,2022-03-22,3
370,Anjali Singh,Sales,Indore,55159,2024-06-14,3
371,Nisha Mehta,Finance,Ahmedabad,90169,2022-08-29,1
372,Priya Gupta,IT,Indore,110734,2022-11-21,5
373,Neha Singh,HR,Surat,117777,2020-06-01,4
374,Rahul Jain,Sales,Indore,36932,2021-05-16,3
375,Deepak Singh,Marketing,Indore,61059,2025-07-09,2
376,Karan Singh,IT,Indore,96335,2023-02-12,3
377,Deepak Jain,HR,Vadodara,103975,2025-12-20,1
378,Rahul Sharma,Marketing,Vadodara,58607,2022-05-10,1
379,Karan Sharma,Finance,Surat,29760,2024-01-31,3
380,Arjun Sharma,Finance,Indore,66056,2021-03-03,5
381,Nisha Mehta,Finance,Vadodara,30294,2022-04-17,4
382,Neha Gupta,Operations,Surat,53272,2022-08-19,4
383,Deepak Gupta,Marketing,Ahmedabad,42015,2021-08-31,1
384,Anjali Joshi,Operations,Jaipur,41439,2025-01-28,5
385,Arjun Singh,Marketing,Rajkot,37208,2023-10-19,4
386,Pooja Gupta,IT,Ahmedabad,78834,2024-10-15,1
387,Neha Singh,Marketing,Surat,63043,2022-06-27,1
388,Karan Patel,Operations,Rajkot,36929,2023-10-14,2
389,Rohan Gupta,IT,Indore,79898,2020-03-12,1
390,Neha Gupta,Operations,Jaipur,64766,2025-09-20,4
391,Rohan Mehta,HR,Indore,43637,2025-06-27,2
392,Vishal Joshi,Sales,Vadodara,78411,2022-12-09,4
393,Pooja Gupta,Marketing,Jaipur,25160,2024-03-13,3
394,Rohan Gupta,HR,Jaipur,91778,2022-01-17,2
395,Arjun Sharma,IT,Jaipur,83053,2021-07-10,3
396,Rohan Sharma,Marketing,Jaipur,102117,2021-10-26,5
397,Rohan Mehta,Sales,Jaipur,63836,2023-03-07,3
398,Arjun Joshi,Marketing,Ahmedabad,33732,2024-05-31,2
399,Vishal Joshi,Marketing,Vadodara,67243,2021-05-23,3
400,Amit Sharma,Marketing,Vadodara,80800,2022-02-23,2
401,Amit Patel,Marketing,Jaipur,58101,2024-01-19,1
402,Priya Verma,Marketing,Indore,25670,2023-11-20,4
403,Arjun Verma,IT,Vadodara,109559,2022-04-17,5
404,Priya Jain,HR,Ahmedabad,79708,2022-05-10,3
405,Rahul Joshi,Marketing,Indore,36689,2021-03-27,5
406,Vishal Verma,Finance,Indore,76690,2020-12-12,1
407,Karan Mehta,Marketing,Rajkot,75882,2022-12-04,3
408,Arjun Singh,Sales,Indore,68996,2021-06-10,3
409,Karan Gupta,Operations,Vadodara,118162,2022-12-11,4
410,Karan Mehta,Finance,Vadodara,40991,2021-01-27,2
411,Nisha Mehta,Sales,Ahmedabad,99286,2024-11-10,3
412,Arjun Verma,Operations,Indore,99764,2023-11-14,1
413,Amit Joshi,IT,Rajkot,74531,2023-04-03,4
414,Pooja Sharma,IT,Indore,101888,2021-07-12,3
415,Rohan Sharma,Operations,Jaipur,92160,2025-10-11,4
416,Vishal Sharma,Finance,Ahmedabad,68885,2021-08-25,4
417,Anjali Gupta,Operations,Rajkot,50045,2025-02-27,2
418,Anjali Verma,IT,Jaipur,28126,2025-01-29,4
419,Arjun Gupta,Operations,Rajkot,102924,2021-11-06,2
420,Arjun Singh,Finance,Ahmedabad,65968,2024-03-09,1
421,Rohan Verma,Sales,Surat,87651,2024-10-17,2
422,Rahul Patel,HR,Jaipur,56912,2023-07-11,5
423,Vishal Verma,Marketing,Vadodara,42701,2024-08-20,1
424,Rohan Mehta,Finance,Jaipur,54892,2025-11-05,2
425,Anjali Gupta,Operations,Surat,65559,2023-10-11,1
426,Rahul Joshi,Operations,Ahmedabad,61450,2023-03-13,5
427,Priya Mehta,Marketing,Jaipur,117143,2020-08-19,4
428,Amit Jain,Marketing,Rajkot,25334,2021-11-12,3
429,Rahul Patel,Sales,Ahmedabad,107111,2020-07-15,4
430,Amit Jain,Marketing,Rajkot,60430,2023-10-18,2
431,Priya Sharma,Sales,Surat,39587,2020-08-05,3
432,Rahul Joshi,Sales,Rajkot,89078,2024-10-06,3
433,Amit Jain,Operations,Vadodara,92554,2023-11-02,5
434,Amit Mehta,HR,Vadodara,114331,2023-05-26,3
435,Pooja Verma,Marketing,Vadodara,113474,2023-07-13,1
436,Pooja Verma,Finance,Surat,84563,2020-04-13,1
437,Pooja Joshi,HR,Surat,80314,2021-04-30,2
438,Vishal Jain,Marketing,Vadodara,42305,2025-12-06,3
439,Pooja Patel,Marketing,Surat,54217,2022-06-27,5
440,Amit Singh,Marketing,Rajkot,82904,2023-04-17,1
441,Rahul Gupta,Operations,Ahmedabad,84948,2024-01-29,2
442,Priya Mehta,IT,Vadodara,37800,2022-08-13,3
443,Karan Singh,IT,Surat,105699,2024-04-14,4
444,Rahul Jain,Marketing,Surat,86493,2024-02-12,2
445,Rahul Mehta,Marketing,Indore,58970,2025-07-18,4
446,Deepak Joshi,Marketing,Ahmedabad,115058,2025-11-03,4
447,Vishal Mehta,Finance,Indore,49465,2020-05-29,2
448,Vishal Mehta,HR,Surat,53472,2025-03-29,1
449,Neha Patel,HR,Surat,37502,2022-11-03,5
450,Deepak Jain,Operations,Rajkot,44475,2020-07-23,5
451,Amit Verma,Operations,Rajkot,82524,2020-10-10,3
452,Deepak Gupta,Sales,Ahmedabad,25968,2022-03-02,4
453,Neha Mehta,Operations,Indore,55199,2021-12-06,2
454,Rahul Gupta,Operations,Ahmedabad,46483,2024-08-01,2
455,Neha Joshi,Finance,Surat,37467,2020-04-29,5
456,Nisha Singh,Operations,Ahmedabad,94177,2024-03-27,2
457,Nisha Gupta,Marketing,Rajkot,43737,2025-01-16,3
458,Rahul Sharma,Marketing,Ahmedabad,90844,2024-04-21,4
459,Neha Mehta,HR,Jaipur,61134,2022-04-13,2
460,Vishal Gupta,HR,Indore,67876,2025-07-15,1
461,Nisha Mehta,Sales,Jaipur,28943,2025-12-06,4
462,Pooja Sharma,Marketing,Ahmedabad,41350,2021-07-16,1
463,Amit Jain,Operations,Ahmedabad,62671,2023-09-09,4
464,Anjali Gupta,Operations,Ahmedabad,48217,2022-03-04,3
465,Rahul Gupta,Marketing,Surat,113926,2022-10-07,4
466,Deepak Gupta,HR,Ahmedabad,80284,2022-02-27,5
467,Arjun Singh,Finance,Indore,87838,2020-01-25,4
468,Priya Mehta,Finance,Vadodara,116526,2021-12-13,4
469,Pooja Jain,Marketing,Rajkot,100848,2024-08-04,4
470,Rohan Mehta,Operations,Jaipur,105777,2024-02-02,5
471,Priya Singh,HR,Rajkot,61238,2020-02-25,1
472,Karan Mehta,Sales,Jaipur,87309,2023-03-11,5
473,Amit Verma,Finance,Vadodara,27873,2021-05-28,4
474,Neha Verma,Operations,Surat,99328,2021-04-27,3
475,Deepak Singh,Finance,Surat,69327,2024-01-25,2
476,Rohan Patel,Finance,Vadodara,86480,2020-08-08,5
477,Vishal Sharma,IT,Vadodara,32330,2026-01-04,2
478,Rohan Patel,IT,Vadodara,103760,2022-04-28,2
479,Amit Singh,IT,Rajkot,106882,2020-05-29,4
480,Neha Sharma,Operations,Rajkot,38686,2022-10-31,2
481,Amit Gupta,Operations,Rajkot,56662,2020-05-26,2
482,Nisha Singh,Sales,Ahmedabad,70481,2022-04-03,3
483,Rohan Verma,Sales,Indore,68686,2020-11-25,1
484,Deepak Gupta,Sales,Vadodara,69939,2021-08-06,5
485,Anjali Jain,Operations,Ahmedabad,115185,2021-02-25,3
486,Arjun Gupta,Operations,Rajkot,58157,2024-08-07,4
487,Karan Gupta,HR,Surat,80722,2024-05-03,5
488,Neha Patel,HR,Surat,93203,2022-06-03,3
489,Deepak Patel,HR,Indore,104237,2020-08-25,3
490,Deepak Mehta,Sales,Rajkot,41386,2021-01-21,4
491,Pooja Jain,HR,Surat,77531,2025-03-19,1
492,Pooja Jain,IT,Surat,39616,2020-02-03,1
493,Pooja Gupta,Sales,Rajkot,44687,2025-12-15,2
494,Arjun Singh,Sales,Surat,30961,2025-12-02,2
495,Karan Patel,IT,Ahmedabad,102877,2020-10-18,4
496,Vishal Singh,Finance,Jaipur,98117,2025-10-30,2
497,Rohan Verma,IT,Vadodara,97625,2020-04-07,1
498,Priya Patel,IT,Vadodara,38099,2021-07-31,1
499,Rohan Gupta,Operations,Surat,49386,2023-08-12,4
500,Anjali Jain,HR,Indore,49043,2023-02-07,1
501,Deepak Joshi,Sales,Jaipur,25514,2023-05-24,4
502,Karan Patel,Finance,Ahmedabad,32268,2020-06-26,2
503,Amit Patel,HR,Ahmedabad,98109,2022-09-09,1
504,Pooja Mehta,IT,Indore,95889,2020-02-01,4
505,Vishal Jain,Sales,Ahmedabad,58106,2023-09-06,5
506,Rohan Jain,IT,Indore,25638,2024-09-03,2
507,Rohan Singh,Finance,Surat,55094,2025-05-04,2
508,Amit Gupta,Sales,Ahmedabad,90616,2020-08-29,4
509,Deepak Sharma,Sales,Vadodara,57726,2023-10-26,2
510,Amit Sharma,Sales,Surat,40879,2023-07-26,5
511,Pooja Patel,Finance,Ahmedabad,53556,2021-03-06,1
512,Pooja Singh,Sales,Vadodara,65071,2020-08-28,2
513,Karan Verma,Operations,Jaipur,106648,2025-05-18,1
514,Pooja Mehta,Operations,Vadodara,60578,2021-03-11,4
515,Priya Singh,Marketing,Jaipur,53811,2022-06-28,4
516,Rohan Joshi,IT,Indore,30363,2020-11-07,1
517,Pooja Jain,Sales,Ahmedabad,46601,2021-11-18,3
518,Vishal Gupta,Sales,Ahmedabad,57037,2020-09-05,5
519,Pooja Verma,Operations,Indore,51689,2020-11-03,1
520,Deepak Patel,HR,Surat,89145,2022-10-29,4
521,Vishal Joshi,Finance,Vadodara,78122,2021-04-28,4
522,Rahul Mehta,Marketing,Surat,89579,2022-05-02,2
523,Deepak Gupta,IT,Rajkot,112951,2021-08-25,1
524,Arjun Joshi,Finance,Jaipur,62235,2022-11-02,5
525,Priya Joshi,Marketing,Ahmedabad,46949,2021-12-10,1
526,Amit Verma,Finance,Ahmedabad,47216,2021-01-02,5
527,Rohan Gupta,Marketing,Surat,40401,2022-01-26,4
528,Nisha Mehta,Sales,Rajkot,100148,2023-02-01,5
529,Neha Mehta,HR,Ahmedabad,39600,2021-07-30,5
530,Rohan Patel,Sales,Rajkot,47359,2025-12-23,2
531,Neha Joshi,Marketing,Indore,65055,2025-12-02,5
532,Arjun Gupta,Finance,Vadodara,105578,2023-01-28,2
533,Neha Joshi,Finance,Ahmedabad,92451,2024-08-24,5
534,Neha Patel,HR,Ahmedabad,106325,2023-03-29,2
535,Deepak Patel,Marketing,Indore,42077,2023-12-01,2
536,Rohan Jain,Finance,Vadodara,46891,2025-09-03,3
537,Rahul Jain,IT,Surat,39408,2020-08-18,3
538,Anjali Gupta,HR,Rajkot,75525,2020-06-21,5
539,Deepak Sharma,Sales,Rajkot,99917,2020-05-09,2
540,Priya Jain,IT,Surat,117091,2025-05-10,3
541,Amit Mehta,Sales,Vadodara,71463,2020-10-15,1
542,Anjali Mehta,Marketing,Vadodara,55882,2021-02-15,1
543,Rohan Joshi,Finance,Jaipur,67741,2021-11-27,3
544,Rohan Joshi,Finance,Indore,97408,2025-01-20,2
545,Priya Sharma,Sales,Vadodara,31987,2025-05-29,1
546,Amit Jain,Operations,Jaipur,108900,2025-06-09,1
547,Pooja Gupta,Operations,Jaipur,36816,2020-06-17,1
548,Neha Mehta,Operations,Ahmedabad,99279,2023-10-23,3
549,Amit Patel,IT,Indore,49312,2022-01-05,5
550,Pooja Gupta,Operations,Rajkot,27746,2024-11-06,4
551,Amit Verma,Sales,Indore,57987,2021-01-20,1
552,Pooja Sharma,Sales,Indore,55778,2020-04-26,1
553,Nisha Singh,Finance,Vadodara,72770,2022-02-12,3
554,Deepak Gupta,Marketing,Indore,31659,2025-06-04,5
555,Pooja Verma,Operations,Indore,54332,2024-07-05,5
556,Amit Gupta,Operations,Ahmedabad,59051,2023-02-27,1
557,Karan Jain,Finance,Jaipur,47908,2023-01-19,4
558,Arjun Singh,IT,Surat,61668,2023-10-02,2
559,Amit Joshi,Operations,Surat,44284,2024-06-29,5
560,Vishal Verma,Finance,Jaipur,91328,2023-05-20,1
561,Priya Joshi,Marketing,Surat,91400,2023-12-15,2
562,Vishal Joshi,Finance,Ahmedabad,44919,2023-07-16,3
563,Arjun Jain,HR,Surat,107150,2025-12-03,1
564,Neha Sharma,HR,Surat,110412,2022-08-20,2
565,Amit Patel,Sales,Ahmedabad,56054,2022-07-03,5
566,Neha Patel,Finance,Vadodara,117640,2021-04-28,2
567,Nisha Gupta,Finance,Rajkot,97301,2021-04-04,5
568,Nisha Joshi,IT,Indore,54060,2021-04-24,1
569,Karan Singh,Operations,Rajkot,76949,2021-06-04,3
570,Nisha Singh,Finance,Indore,89060,2022-01-26,3
571,Karan Jain,IT,Indore,96357,2020-09-06,1
572,Nisha Patel,IT,Rajkot,83472,2021-06-08,3
573,Neha Jain,Operations,Surat,27490,2021-12-26,2
574,Rohan Gupta,Marketing,Rajkot,113899,2022-09-27,4
575,Pooja Patel,Operations,Surat,78617,2021-09-27,1
576,Amit Patel,Operations,Surat,54826,2024-06-20,3
577,Priya Mehta,Finance,Vadodara,48580,2025-12-14,4
578,Rohan Jain,Sales,Ahmedabad,109601,2022-05-09,5
579,Arjun Singh,Finance,Vadodara,88131,2024-10-26,3
580,Priya Patel,HR,Indore,76601,2024-04-17,1
581,Nisha Patel,HR,Indore,112029,2025-03-24,2
582,Nisha Sharma,Marketing,Indore,83355,2025-04-07,2
583,Pooja Mehta,Operations,Vadodara,65108,2023-11-20,2
584,Rohan Sharma,HR,Vadodara,36486,2025-04-02,3
585,Karan Gupta,Finance,Ahmedabad,35105,2021-07-24,2
586,Arjun Mehta,Sales,Surat,46398,2020-07-27,5
587,Amit Verma,Operations,Jaipur,118946,2022-02-04,1
588,Arjun Jain,Operations,Jaipur,74514,2022-02-28,2
589,Nisha Verma,Sales,Indore,99244,2024-02-07,1
590,Nisha Joshi,Operations,Vadodara,77967,2020-09-27,5
591,Vishal Mehta,Marketing,Vadodara,68463,2022-05-01,2
592,Anjali Mehta,Marketing,Rajkot,32768,2020-11-12,3
593,Neha Joshi,IT,Rajkot,37278,2025-04-20,4
594,Rahul Mehta,Marketing,Ahmedabad,90148,2020-05-11,3
595,Amit Patel,Marketing,Vadodara,47273,2025-10-03,5
596,Arjun Sharma,Finance,Ahmedabad,103073,2020-06-10,4
597,Pooja Joshi,HR,Ahmedabad,95746,2020-09-18,1
598,Vishal Joshi,Marketing,Surat,29943,2023-01-06,1
599,Arjun Sharma,HR,Rajkot,96872,2024-10-02,2
600,Deepak Singh,Sales,Ahmedabad,48915,2021-07-22,5
601,Neha Patel,Finance,Jaipur,108228,2023-05-05,4
602,Rahul Mehta,Finance,Indore,25310,2022-04-24,2
603,Amit Singh,IT,Jaipur,27637,2024-06-15,5
604,Anjali Singh,IT,Indore,25388,2023-02-01,3
605,Anjali Jain,IT,Vadodara,76103,2020-08-09,5
606,Pooja Singh,Marketing,Ahmedabad,78339,2023-05-09,4
607,Neha Joshi,Finance,Jaipur,102213,2021-09-16,3
608,Karan Joshi,HR,Ahmedabad,100323,2020-11-23,5
609,Pooja Patel,Marketing,Rajkot,43360,2021-09-05,5
610,Arjun Jain,Finance,Indore,35256,2021-08-03,2
611,Pooja Patel,IT,Jaipur,49984,2023-01-05,1
612,Arjun Gupta,IT,Surat,82519,2024-03-07,2
613,Amit Singh,IT,Vadodara,100147,2024-05-06,4
614,Priya Joshi,Sales,Ahmedabad,84479,2020-11-27,5
615,Rahul Mehta,Operations,Jaipur,72822,2022-07-22,3
616,Nisha Verma,HR,Ahmedabad,80724,2021-02-28,2
617,Priya Joshi,Sales,Vadodara,78105,2021-01-31,2
618,Vishal Joshi,Sales,Vadodara,111415,2022-10-20,1
619,Rahul Mehta,Sales,Jaipur,71716,2020-03-25,5
620,Amit Patel,Marketing,Vadodara,102210,2020-09-22,5
621,Amit Mehta,IT,Rajkot,41695,2022-08-03,2
622,Anjali Jain,Marketing,Ahmedabad,117568,2020-08-31,4
623,Neha Verma,Finance,Surat,85669,2023-08-04,5
624,Priya Sharma,Operations,Ahmedabad,30917,2025-05-02,5
625,Karan Joshi,Marketing,Surat,109876,2024-01-19,3
626,Deepak Verma,IT,Ahmedabad,76576,2020-10-23,1
627,Amit Sharma,Marketing,Jaipur,100993,2022-04-03,3
628,Deepak Jain,Marketing,Ahmedabad,104923,2020-04-30,2
629,Arjun Mehta,Finance,Ahmedabad,48024,2022-09-18,1
630,Pooja Jain,Finance,Ahmedabad,118160,2023-12-01,1
631,Karan Sharma,Finance,Jaipur,60749,2022-12-17,4
632,Arjun Mehta,Operations,Vadodara,38479,2025-12-17,4
633,Deepak Gupta,Sales,Ahmedabad,45862,2023-10-18,5
634,Rohan Patel,Finance,Surat,61032,2024-04-14,3
635,Rohan Jain,Marketing,Ahmedabad,39540,2020-10-21,3
636,Anjali Verma,Operations,Surat,27046,2022-03-10,3
637,Priya Joshi,Marketing,Surat,74401,2024-08-24,3
638,Anjali Gupta,Marketing,Rajkot,118842,2024-12-31,2
639,Deepak Jain,IT,Surat,66915,2025-02-28,4
640,Rahul Verma,Marketing,Ahmedabad,38210,2022-08-29,3
641,Rohan Sharma,IT,Vadodara,114687,2024-11-17,3
642,Priya Mehta,Marketing,Jaipur,71360,2024-08-26,1
643,Neha Joshi,Operations,Ahmedabad,95305,2024-03-23,5
644,Rohan Joshi,IT,Indore,46781,2025-10-04,5
645,Karan Verma,Finance,Vadodara,107112,2023-10-03,2
646,Deepak Verma,Finance,Surat,99833,2022-03-09,4
647,Rahul Gupta,Sales,Ahmedabad,35305,2023-08-01,5
648,Pooja Singh,Operations,Rajkot,57311,2025-06-21,1
649,Arjun Patel,Sales,Surat,64311,2021-07-11,5
650,Nisha Patel,Sales,Indore,41998,2021-05-17,3
651,Neha Mehta,Finance,Ahmedabad,55032,2025-01-03,5
652,Anjali Patel,HR,Ahmedabad,43574,2024-12-30,5
653,Rahul Gupta,Finance,Jaipur,97138,2025-01-01,3
654,Anjali Gupta,Finance,Indore,88115,2024-06-12,4
655,Rohan Verma,Marketing,Rajkot,45023,2021-08-25,3
656,Deepak Jain,Operations,Surat,82522,2020-12-02,3
657,Neha Jain,Finance,Indore,46756,2025-04-07,5
658,Vishal Mehta,HR,Ahmedabad,82495,2021-10-09,3
659,Priya Mehta,Operations,Rajkot,115970,2022-05-13,2
660,Pooja Joshi,Operations,Rajkot,38175,2022-07-14,1
661,Nisha Sharma,Marketing,Rajkot,80268,2022-04-08,5
662,Rohan Sharma,Operations,Surat,51053,2023-03-06,3
663,Nisha Patel,Marketing,Surat,91007,2023-07-09,1
664,Rahul Patel,IT,Jaipur,36379,2024-08-27,4
665,Nisha Joshi,Sales,Surat,110318,2020-01-24,3
666,Rohan Singh,IT,Rajkot,44194,2020-06-15,5
667,Arjun Sharma,Finance,Rajkot,110399,2023-04-28,2
668,Nisha Gupta,Operations,Surat,27678,2021-01-13,4
669,Nisha Sharma,Sales,Indore,101135,2023-12-06,1
670,Neha Verma,Finance,Surat,51187,2020-04-07,1
671,Karan Joshi,Operations,Indore,25569,2020-09-30,5
672,Vishal Gupta,Operations,Ahmedabad,105685,2020-02-23,2
673,Arjun Sharma,Marketing,Jaipur,40799,2021-04-26,4
674,Anjali Gupta,Sales,Vadodara,73635,2022-09-20,4
675,Karan Jain,Operations,Indore,113267,2023-03-24,3
676,Nisha Singh,Marketing,Jaipur,46968,2023-04-12,2
677,Neha Gupta,Sales,Ahmedabad,95938,2024-06-14,2
678,Rahul Jain,Marketing,Jaipur,54670,2020-02-23,3
679,Rahul Jain,Sales,Indore,84720,2021-10-30,2
680,Rahul Gupta,Finance,Ahmedabad,117592,2020-07-12,5
681,Pooja Verma,Operations,Jaipur,81126,2023-04-13,3
682,Rohan Joshi,Operations,Vadodara,110265,2020-07-05,2
683,Pooja Jain,Marketing,Ahmedabad,92312,2022-05-06,3
684,Priya Singh,HR,Jaipur,48515,2025-11-24,4
685,Pooja Gupta,HR,Indore,103808,2023-05-07,1
686,Rahul Patel,HR,Surat,81379,2021-09-09,5
687,Amit Mehta,HR,Jaipur,27011,2023-08-14,3
688,Deepak Mehta,HR,Rajkot,61019,2021-12-25,3
689,Karan Sharma,Operations,Ahmedabad,77774,2023-06-04,4
690,Pooja Joshi,Finance,Surat,72507,2020-09-18,3
691,Amit Sharma,Finance,Vadodara,105662,2020-10-26,3
692,Amit Patel,Operations,Ahmedabad,26984,2021-07-26,1
693,Rahul Singh,Finance,Vadodara,79926,2024-02-08,2
694,Priya Singh,Operations,Indore,40381,2021-08-02,2
695,Rahul Joshi,HR,Surat,51324,2024-07-05,3
696,Neha Verma,HR,Vadodara,108546,2021-02-04,1
697,Rohan Verma,IT,Rajkot,53058,2024-01-15,2
698,Vishal Verma,Sales,Ahmedabad,47697,2026-01-02,5
699,Rohan Jain,Finance,Indore,63147,2023-07-08,4
700,Deepak Singh,HR,Ahmedabad,60297,2022-10-14,3
701,Karan Verma,HR,Jaipur,56255,2021-10-23,4
702,Nisha Mehta,HR,Indore,41362,2023-07-15,3
703,Deepak Patel,IT,Surat,28151,2023-08-31,3
704,Rohan Singh,Sales,Indore,47422,2022-05-10,1
705,Priya Verma,Sales,Vadodara,46522,2020-09-29,2
706,Nisha Joshi,Marketing,Jaipur,76733,2020-11-16,1
707,Anjali Verma,IT,Jaipur,93658,2020-04-09,3
708,Deepak Joshi,IT,Ahmedabad,37492,2023-10-06,1
709,Nisha Jain,Operations,Indore,112387,2020-09-06,3
710,Anjali Jain,HR,Rajkot,91114,2025-06-11,4
711,Anjali Gupta,HR,Rajkot,64871,2020-11-07,1
712,Karan Gupta,Sales,Jaipur,47996,2021-10-02,5
713,Priya Joshi,IT,Rajkot,45604,2021-08-05,1
714,Rohan Mehta,Operations,Indore,84292,2020-03-20,1
715,Karan Verma,Finance,Surat,114211,2022-05-22,3
716,Deepak Sharma,IT,Rajkot,40145,2022-01-02,4
717,Rohan Jain,Operations,Ahmedabad,104824,2023-09-11,2
718,Pooja Gupta,Operations,Indore,76812,2025-01-20,2
719,Nisha Patel,Marketing,Surat,91561,2024-09-11,5
720,Pooja Joshi,HR,Indore,106523,2024-05-30,4
721,Deepak Jain,IT,Rajkot,44546,2025-06-01,1
722,Nisha Sharma,HR,Jaipur,114571,2020-09-14,1
723,Rahul Verma,IT,Vadodara,112333,2025-10-27,4
724,Rohan Gupta,Sales,Ahmedabad,59339,2021-01-29,3
725,Anjali Patel,Operations,Surat,112812,2023-05-18,4
726,Amit Mehta,Marketing,Ahmedabad,40429,2023-04-01,1
727,Amit Singh,HR,Surat,68894,2021-07-19,1
728,Neha Gupta,Finance,Surat,90074,2021-01-08,5
729,Anjali Mehta,IT,Jaipur,62941,2024-08-26,3
730,Deepak Joshi,Marketing,Vadodara,62515,2024-09-16,2
731,Pooja Mehta,Operations,Ahmedabad,39973,2023-02-04,1
732,Priya Jain,Finance,Ahmedabad,43936,2021-01-02,3
733,Deepak Mehta,HR,Surat,52393,2021-01-02,4
734,Karan Joshi,HR,Rajkot,37014,2022-12-11,1
735,Nisha Patel,Marketing,Jaipur,54673,2025-04-10,2
736,Rahul Gupta,Marketing,Ahmedabad,43275,2022-11-29,2
737,Anjali Verma,Finance,Jaipur,33265,2020-05-01,2
738,Neha Singh,HR,Indore,40748,2022-02-23,2
739,Priya Jain,Sales,Surat,60631,2021-01-04,1
740,Nisha Verma,HR,Surat,64334,2020-10-17,2
741,Vishal Joshi,Sales,Rajkot,108246,2024-02-22,5
742,Karan Sharma,IT,Indore,94001,2023-10-10,3
743,Anjali Sharma,Marketing,Rajkot,84945,2025-08-26,3
744,Vishal Jain,Marketing,Vadodara,115528,2024-09-14,2
745,Priya Joshi,HR,Surat,72686,2021-08-15,1
746,Rohan Patel,HR,Ahmedabad,57747,2025-10-29,4
747,Priya Gupta,Marketing,Ahmedabad,76228,2022-09-15,2
748,Rahul Joshi,Operations,Vadodara,47015,2021-04-23,2
749,Anjali Mehta,IT,Vadodara,53839,2024-07-16,4
750,Deepak Patel,IT,Jaipur,73327,2022-01-25,4
751,Rahul Sharma,Operations,Jaipur,57130,2025-02-09,4
752,Vishal Gupta,Finance,Indore,88651,2023-03-17,2
753,Rahul Mehta,Sales,Surat,37044,2025-08-12,1
754,Amit Gupta,Operations,Rajkot,83009,2021-07-02,1
755,Rahul Mehta,HR,Vadodara,56348,2022-07-13,4
756,Karan Patel,Finance,Surat,91618,2021-07-12,3
757,Neha Mehta,Sales,Ahmedabad,92077,2020-03-04,3
758,Anjali Jain,Marketing,Rajkot,56876,2024-01-11,1
759,Anjali Mehta,Sales,Jaipur,51020,2021-06-21,2
760,Rohan Singh,Finance,Surat,65320,2024-10-01,3
761,Rohan Verma,HR,Surat,115618,2021-11-30,5
762,Pooja Gupta,HR,Vadodara,46129,2020-10-02,4
763,Priya Verma,Finance,Rajkot,53065,2022-06-18,1
764,Arjun Sharma,IT,Rajkot,93471,2020-05-31,2
765,Arjun Patel,HR,Surat,101695,2020-12-04,4
766,Pooja Mehta,IT,Jaipur,79638,2025-09-11,4
767,Nisha Mehta,IT,Ahmedabad,27310,2021-06-13,2
768,Rahul Patel,Sales,Vadodara,42301,2020-10-13,1
769,Deepak Sharma,Marketing,Indore,27845,2024-04-09,3
770,Rohan Verma,IT,Rajkot,101116,2020-03-20,2
771,Amit Mehta,HR,Ahmedabad,70253,2021-07-05,3
772,Rahul Verma,HR,Ahmedabad,52940,2023-10-10,3
773,Anjali Gupta,Marketing,Rajkot,29148,2024-02-06,5
774,Priya Sharma,Sales,Surat,62303,2022-09-24,2
775,Nisha Gupta,Sales,Jaipur,29329,2025-10-23,2
776,Rohan Patel,Operations,Vadodara,104852,2022-10-31,3
777,Karan Mehta,IT,Surat,48688,2021-10-26,4
778,Pooja Sharma,Sales,Rajkot,105239,2025-11-27,3
779,Pooja Verma,Sales,Indore,48017,2024-10-01,5
780,Amit Verma,Operations,Surat,62995,2025-10-14,4
781,Rahul Mehta,Sales,Vadodara,43991,2025-11-15,2
782,Deepak Patel,Marketing,Rajkot,73174,2023-04-01,2
783,Priya Singh,Finance,Indore,95927,2025-01-09,2
784,Amit Sharma,Sales,Vadodara,101562,2024-03-03,4
785,Amit Joshi,Marketing,Jaipur,72998,2022-03-07,4
786,Nisha Singh,Operations,Jaipur,79611,2025-03-23,2
787,Vishal Singh,HR,Rajkot,58480,2021-04-28,2
788,Arjun Singh,Marketing,Ahmedabad,64447,2022-10-21,1
789,Karan Jain,IT,Rajkot,109906,2025-12-29,1
790,Arjun Gupta,IT,Surat,26018,2022-04-05,4
791,Amit Mehta,Finance,Jaipur,51641,2022-11-12,4
792,Priya Sharma,HR,Vadodara,78782,2020-03-13,2
793,Pooja Mehta,HR,Vadodara,54913,2021-11-01,3
794,Pooja Mehta,HR,Ahmedabad,68392,2024-06-15,2
795,Anjali Gupta,Operations,Rajkot,107029,2024-12-29,4
796,Amit Gupta,HR,Ahmedabad,46737,2022-04-09,5
797,Rahul Sharma,Operations,Vadodara,49459,2023-03-23,5
798,Amit Sharma,IT,Surat,76309,2025-02-13,2
799,Karan Jain,HR,Indore,53451,2025-06-03,2
800,Anjali Singh,Marketing,Vadodara,116492,2024-03-10,5
801,Karan Sharma,HR,Surat,75044,2021-05-10,4
802,Vishal Patel,Operations,Rajkot,82214,2025-06-29,2
803,Karan Sharma,Operations,Indore,27649,2021-09-18,5
804,Deepak Patel,HR,Vadodara,38042,2024-12-23,4
805,Vishal Verma,Sales,Ahmedabad,30620,2020-09-03,5
806,Neha Gupta,IT,Indore,70335,2021-03-14,4
807,Rohan Jain,IT,Indore,100414,2023-01-11,3
808,Anjali Mehta,Operations,Jaipur,99995,2023-12-30,5
809,Anjali Sharma,Marketing,Ahmedabad,45560,2025-10-25,4
810,Vishal Jain,Operations,Ahmedabad,56487,2021-10-10,2
811,Vishal Sharma,IT,Rajkot,26441,2021-03-20,2
812,Rahul Singh,HR,Indore,118254,2024-11-25,2
813,Rahul Verma,Finance,Vadodara,37076,2025-10-19,3
814,Deepak Gupta,Marketing,Ahmedabad,86205,2025-11-04,5
815,Nisha Mehta,HR,Rajkot,92194,2021-08-24,5
816,Pooja Verma,Sales,Jaipur,101430,2024-10-17,2
817,Rahul Gupta,Marketing,Vadodara,83687,2021-10-11,1
818,Rohan Verma,Finance,Jaipur,116124,2024-08-16,1
819,Arjun Gupta,IT,Ahmedabad,95203,2025-06-04,2
820,Anjali Singh,Finance,Ahmedabad,28260,2020-12-23,4
821,Pooja Patel,HR,Ahmedabad,53696,2025-06-15,2
822,Rohan Singh,IT,Vadodara,61553,2020-03-06,3
823,Rohan Patel,Marketing,Vadodara,30877,2022-11-08,2
824,Rohan Singh,HR,Indore,65577,2021-06-13,3
825,Rohan Verma,HR,Vadodara,62070,2022-04-22,4
826,Neha Mehta,IT,Indore,84906,2024-05-05,2
827,Vishal Singh,Marketing,Ahmedabad,99323,2022-05-25,2
828,Amit Singh,Finance,Indore,51714,2023-04-19,2
829,Anjali Gupta,Marketing,Vadodara,108008,2020-01-18,1
830,Vishal Mehta,Marketing,Jaipur,71248,2023-11-25,4
831,Neha Verma,Marketing,Ahmedabad,56897,2023-10-27,1
832,Nisha Verma,Finance,Vadodara,99330,2025-06-10,4
833,Nisha Verma,Operations,Rajkot,47390,2021-11-11,2
834,Amit Mehta,Marketing,Rajkot,84743,2024-11-22,3
835,Vishal Mehta,Sales,Indore,45413,2025-12-16,1
836,Vishal Gupta,Sales,Rajkot,65861,2023-05-10,2
837,Vishal Jain,Sales,Rajkot,63991,2025-12-19,4
838,Anjali Jain,Operations,Surat,35058,2022-06-21,1
839,Vishal Singh,Sales,Ahmedabad,81761,2025-06-10,1
840,Priya Joshi,Sales,Jaipur,51559,2025-04-16,3
841,Pooja Patel,Operations,Vadodara,84385,2022-08-15,1
842,Rahul Gupta,IT,Jaipur,40698,2025-03-11,4
843,Rohan Joshi,Finance,Vadodara,54732,2024-11-15,3
844,Amit Mehta,Operations,Surat,77033,2021-11-10,4
845,Vishal Verma,Finance,Jaipur,83402,2020-03-13,3
846,Neha Joshi,IT,Surat,97662,2024-07-13,1
847,Pooja Verma,Marketing,Rajkot,60086,2021-03-23,5
848,Pooja Singh,Sales,Jaipur,88661,2020-08-08,2
849,Karan Verma,IT,Ahmedabad,59565,2021-11-16,4
850,Priya Jain,Marketing,Ahmedabad,111819,2022-12-27,2
851,Anjali Singh,HR,Ahmedabad,52747,2025-07-08,4
852,Vishal Patel,HR,Rajkot,60432,2022-01-02,5
853,Amit Patel,IT,Jaipur,58482,2021-11-22,5
854,Rahul Sharma,Operations,Indore,59212,2024-10-08,4
855,Vishal Patel,HR,Indore,34484,2024-12-07,3
856,Amit Mehta,IT,Ahmedabad,63841,2021-10-27,4
857,Karan Joshi,Finance,Rajkot,51023,2025-12-30,4
858,Vishal Joshi,Finance,Indore,93226,2022-06-04,5
859,Anjali Sharma,Sales,Vadodara,89447,2021-04-30,1
860,Priya Sharma,Operations,Jaipur,92250,2022-04-19,2
861,Deepak Verma,Sales,Indore,92935,2020-04-16,2
862,Rohan Singh,HR,Indore,113392,2023-09-08,5
863,Vishal Joshi,Marketing,Jaipur,39225,2023-09-27,3
864,Priya Patel,Operations,Jaipur,28365,2023-10-31,1
865,Karan Mehta,HR,Jaipur,85309,2024-06-06,3
866,Neha Joshi,Marketing,Vadodara,58024,2022-05-04,1
867,Deepak Singh,HR,Surat,45592,2020-10-22,5
868,Vishal Sharma,Sales,Jaipur,28906,2022-05-11,1
869,Rohan Verma,Marketing,Ahmedabad,94079,2022-07-01,1
870,Priya Verma,Sales,Jaipur,64378,2025-03-25,1
871,Nisha Patel,Sales,Surat,68745,2023-11-15,3
872,Neha Singh,Operations,Rajkot,62433,2022-01-15,5
873,Amit Verma,IT,Ahmedabad,59316,2020-10-18,4
874,Pooja Singh,Operations,Vadodara,25539,2024-01-12,3
875,Deepak Sharma,Sales,Jaipur,76618,2020-08-17,1
876,Rohan Joshi,Finance,Vadodara,74596,2022-11-26,5
877,Anjali Mehta,IT,Surat,39307,2024-01-01,3
878,Rahul Singh,IT,Surat,48917,2024-08-11,4
879,Neha Jain,Finance,Jaipur,88582,2021-01-20,5
880,Neha Gupta,Finance,Jaipur,79962,2024-01-17,1
881,Karan Jain,HR,Indore,34124,2025-10-10,4
882,Arjun Jain,IT,Surat,71206,2020-07-04,3
883,Pooja Jain,HR,Indore,80123,2025-01-29,1
884,Pooja Gupta,HR,Ahmedabad,45948,2024-06-22,4
885,Karan Verma,Marketing,Rajkot,44372,2020-11-04,1
886,Neha Patel,Finance,Rajkot,98431,2025-12-30,4
887,Amit Verma,Sales,Ahmedabad,37378,2020-06-16,1
888,Deepak Mehta,Sales,Vadodara,77187,2021-06-27,5
889,Arjun Mehta,IT,Vadodara,107843,2022-02-11,2
890,Vishal Singh,Finance,Vadodara,61316,2022-09-20,1
891,Anjali Joshi,Operations,Surat,105998,2024-05-29,2
892,Arjun Sharma,Operations,Jaipur,114490,2023-03-18,4
893,Priya Mehta,HR,Rajkot,81234,2023-07-15,1
894,Rohan Gupta,IT,Ahmedabad,37892,2020-09-03,3
895,Arjun Gupta,Finance,Ahmedabad,29537,2025-03-21,1
896,Vishal Joshi,Marketing,Indore,60334,2023-07-16,5
897,Anjali Jain,Finance,Vadodara,81124,2023-12-04,4
898,Priya Verma,Operations,Rajkot,52760,2024-04-09,2
899,Rohan Patel,Marketing,Jaipur,87509,2022-09-29,4
900,Karan Patel,Marketing,Indore,77347,2020-06-02,2
901,Karan Gupta,Finance,Rajkot,76702,2025-08-05,1
902,Amit Joshi,Finance,Indore,62524,2021-10-26,1
903,Rahul Gupta,Finance,Ahmedabad,107430,2020-11-14,3
904,Vishal Verma,IT,Indore,37983,2021-06-17,5
905,Karan Mehta,IT,Jaipur,64284,2021-10-24,5
906,Deepak Jain,Finance,Vadodara,68326,2024-11-12,3
907,Priya Patel,Sales,Vadodara,85094,2023-04-19,1
908,Neha Singh,HR,Vadodara,102521,2025-06-12,3
909,Anjali Mehta,Finance,Ahmedabad,93370,2025-02-11,3
910,Neha Verma,HR,Vadodara,56560,2024-07-22,2
911,Arjun Joshi,Sales,Jaipur,50884,2024-09-12,3
912,Anjali Gupta,Operations,Ahmedabad,48622,2020-11-07,5
913,Arjun Jain,HR,Surat,84443,2025-12-10,4
914,Arjun Gupta,Finance,Surat,81228,2020-07-06,2
915,Rahul Mehta,HR,Rajkot,74903,2025-01-01,5
916,Vishal Singh,IT,Vadodara,81272,2022-04-16,4
917,Neha Jain,HR,Rajkot,69862,2025-09-15,1
918,Amit Gupta,Sales,Rajkot,73955,2024-05-21,5
919,Deepak Jain,Operations,Rajkot,63562,2024-02-27,1
920,Rohan Sharma,Marketing,Rajkot,53621,2023-11-25,1
921,Karan Gupta,Marketing,Surat,65104,2025-05-02,3
922,Neha Gupta,Marketing,Jaipur,104540,2024-03-17,5
923,Amit Jain,IT,Ahmedabad,78987,2023-04-06,2
924,Anjali Gupta,Finance,Indore,64611,2022-04-01,2
925,Arjun Jain,Finance,Rajkot,32433,2025-06-07,2
926,Pooja Jain,Finance,Jaipur,115309,2021-12-08,5
927,Pooja Joshi,Operations,Surat,86194,2022-01-01,4
928,Nisha Sharma,Operations,Jaipur,104349,2020-05-04,5
929,Karan Gupta,Sales,Vadodara,44490,2020-01-19,2
930,Vishal Jain,Operations,Surat,95603,2023-03-19,4
931,Karan Patel,HR,Rajkot,66834,2021-02-22,3
932,Arjun Sharma,Operations,Jaipur,70550,2021-11-18,1
933,Nisha Gupta,Operations,Rajkot,114473,2022-11-06,2
934,Rohan Joshi,Finance,Rajkot,41093,2023-07-17,4
935,Rohan Mehta,HR,Ahmedabad,57655,2021-08-04,4
936,Deepak Singh,HR,Rajkot,92316,2022-02-05,1
937,Anjali Mehta,IT,Ahmedabad,97835,2022-05-07,5
938,Amit Mehta,Operations,Vadodara,89981,2022-03-28,1
939,Rahul Joshi,Finance,Vadodara,43991,2022-11-15,4
940,Priya Sharma,IT,Indore,110091,2024-04-07,3
941,Karan Sharma,HR,Vadodara,118528,2024-04-08,5
942,Arjun Jain,Marketing,Vadodara,111501,2023-05-18,2
943,Vishal Jain,Finance,Indore,59594,2022-02-21,4
944,Amit Singh,Finance,Vadodara,83854,2020-01-19,5
945,Rahul Verma,Marketing,Vadodara,70887,2020-05-09,2
946,Pooja Gupta,Operations,Indore,25748,2024-08-18,1
947,Nisha Sharma,Sales,Ahmedabad,43816,2024-08-21,2
948,Karan Mehta,HR,Surat,46970,2023-01-01,3
949,Rahul Singh,IT,Rajkot,95536,2022-10-15,3
950,Neha Verma,HR,Vadodara,104488,2023-12-09,5
951,Pooja Patel,HR,Ahmedabad,69006,2020-12-09,3
952,Nisha Patel,Operations,Jaipur,34583,2022-07-05,3
953,Nisha Patel,Marketing,Jaipur,46285,2025-09-01,4
954,Karan Verma,HR,Indore,61490,2025-12-07,1
955,Amit Gupta,Finance,Surat,106559,2025-12-10,5
956,Anjali Singh,HR,Indore,77333,2023-03-30,3
957,Vishal Gupta,Marketing,Vadodara,113319,2023-06-10,3
958,Rahul Joshi,IT,Surat,98159,2020-11-13,2
959,Rahul Singh,Finance,Surat,41199,2020-03-23,2
960,Nisha Gupta,Operations,Ahmedabad,30938,2020-08-13,1
961,Arjun Sharma,Sales,Jaipur,104479,2023-08-26,5
962,Deepak Sharma,HR,Vadodara,111251,2021-06-14,2
963,Rahul Singh,Operations,Ahmedabad,119469,2025-04-24,3
964,Pooja Joshi,HR,Ahmedabad,59363,2022-08-08,1
965,Vishal Joshi,IT,Indore,109989,2022-12-28,3
966,Pooja Mehta,IT,Jaipur,73629,2021-01-13,3
967,Amit Gupta,Marketing,Jaipur,40201,2023-10-16,3
968,Arjun Joshi,Sales,Vadodara,45972,2024-11-05,4
969,Arjun Singh,Finance,Rajkot,111024,2020-05-24,4
970,Deepak Jain,Sales,Jaipur,109312,2020-07-15,5
971,Rohan Sharma,Finance,Ahmedabad,65477,2023-10-02,2
972,Nisha Singh,Marketing,Surat,43469,2023-06-21,5
973,Arjun Sharma,Operations,Ahmedabad,101029,2024-11-18,3
974,Neha Mehta,IT,Indore,55344,2025-09-11,5
975,Rohan Joshi,HR,Vadodara,34640,2022-01-06,1
976,Priya Singh,HR,Vadodara,36046,2025-11-24,5
977,Rahul Patel,Operations,Ahmedabad,56081,2020-06-02,5
978,Neha Jain,Sales,Jaipur,61346,2025-12-04,2
979,Rahul Mehta,IT,Jaipur,111156,2023-07-31,2
980,Priya Jain,Marketing,Surat,101515,2021-03-02,4
981,Priya Jain,HR,Vadodara,80998,2021-08-04,1
982,Amit Patel,Marketing,Ahmedabad,103858,2023-07-22,3
983,Karan Mehta,Operations,Surat,102254,2021-02-09,2
984,Amit Mehta,Operations,Jaipur,75915,2022-06-30,1
985,Amit Gupta,IT,Rajkot,58140,2024-01-07,3
986,Rohan Patel,Finance,Rajkot,74187,2022-06-22,3
987,Deepak Sharma,Sales,Ahmedabad,82669,2023-04-01,3
988,Nisha Patel,Marketing,Rajkot,98562,2024-06-30,4
989,Amit Mehta,Sales,Vadodara,50876,2024-08-18,3
990,Anjali Joshi,Operations,Surat,38222,2023-07-18,2
991,Rohan Sharma,Finance,Surat,78214,2022-04-03,5
992,Pooja Gupta,Finance,Vadodara,85408,2025-10-27,5
993,Vishal Gupta,Operations,Indore,100118,2024-05-02,4
994,Nisha Patel,IT,Vadodara,39906,2023-04-12,2
995,Vishal Patel,Operations,Jaipur,54468,2024-07-08,5
996,Nisha Joshi,Finance,Rajkot,110676,2022-08-01,5
997,Karan Verma,IT,Surat,77837,2022-01-25,5
998,Anjali Jain,Operations,Ahmedabad,50581,2024-06-06,2
999,Amit Gupta,Marketing,Surat,119555,2020-05-27,2
1000,Vishal Joshi,HR,Vadodara,50360,2022-01-17,5
